Time,City_Name,Healthy,Zombies,Dead,Civil,Military,Medics
1683570849.4039042,Zeidel Borough,363,4,38,329,21,13
1683570849.4039042,Gulans Town,380,3,0,352,16,12
1683570849.4039042,Nogales Village,396,3,0,368,20,8
1683570849.4049017,Albono Hills,180,2,0,171,6,3
1683570849.4049017,Mackers City,574,7,0,529,33,12
1683570849.524947,Albono Hills,180,2,0,171,6,3
1683570849.524947,Gulans Town,380,3,0,352,16,12
1683570849.5259469,Zeidel Borough,361,6,38,327,21,13
1683570849.5269442,Mackers City,573,8,0,529,32,12
1683570849.5319524,Nogales Village,396,3,0,368,20,8
1683570849.645257,Gulans Town,379,4,0,352,15,12
1683570849.645257,Mackers City,572,9,0,528,32,12
1683570849.6483865,Albono Hills,180,2,0,171,6,3
1683570849.6492648,Nogales Village,396,3,0,368,20,8
1683570849.6502738,Zeidel Borough,360,7,38,326,21,13
1683570849.7678125,Mackers City,572,9,0,528,32,12
1683570849.7697942,Zeidel Borough,360,7,38,326,21,13
1683570849.7708046,Nogales Village,396,3,0,368,20,8
1683570849.771796,Albono Hills,179,3,0,170,6,3
1683570849.771796,Gulans Town,379,4,0,352,15,12
1683570849.8773034,Mackers City,572,9,0,528,32,12
1683570849.8917773,Albono Hills,179,3,0,170,6,3
1683570849.8927784,Zeidel Borough,358,9,38,324,21,13
1683570849.8937807,Gulans Town,379,4,0,352,15,12
1683570849.896771,Nogales Village,396,3,0,368,20,8
1683570849.985117,Mackers City,571,10,0,527,32,12
1683570850.0005147,Albono Hills,179,3,0,170,6,3
1683570850.0175145,Nogales Village,396,3,0,368,20,8
1683570850.0185137,Gulans Town,379,4,0,352,15,12
1683570850.0185137,Zeidel Borough,358,9,38,324,21,13
1683570850.0928097,Mackers City,571,10,0,527,32,12
1683570850.109792,Albono Hills,179,3,0,170,6,3
1683570850.140652,Gulans Town,379,4,0,352,15,12
1683570850.140652,Nogales Village,396,3,0,368,20,8
1683570850.1416576,Zeidel Borough,357,10,38,323,21,13
1683570850.2030442,Mackers City,571,10,0,527,32,12
1683570850.219039,Albono Hills,179,3,0,170,6,3
1683570850.2493942,Gulans Town,379,4,0,352,15,12
1683570850.2493942,Nogales Village,394,5,0,366,20,8
1683570850.2644367,Zeidel Borough,356,11,38,322,21,13
1683570850.312152,Mackers City,571,10,0,527,32,12
1683570850.326418,Albono Hills,179,3,0,170,6,3
1683570850.356856,Gulans Town,379,4,0,352,15,12
1683570850.3718312,Nogales Village,394,5,0,366,20,8
1683570850.3738332,Zeidel Borough,356,11,38,322,21,13
1683570850.4350111,Albono Hills,179,3,0,170,6,3
1683570850.4350111,Mackers City,571,10,0,527,32,12
1683570850.466995,Gulans Town,379,4,0,352,15,12
1683570850.4820101,Nogales Village,394,5,0,366,20,8
1683570850.4820101,Zeidel Borough,356,11,38,322,21,13
1683570850.5458062,Albono Hills,179,3,0,170,6,3
1683570850.547809,Mackers City,571,10,0,527,32,12
1683570850.5799966,Gulans Town,379,4,0,352,15,12
1683570850.5929856,Nogales Village,394,5,0,366,20,8
1683570850.5949728,Zeidel Borough,355,12,38,322,20,13
1683570850.6565702,Mackers City,571,10,0,527,32,12
1683570850.658481,Albono Hills,179,3,0,170,6,3
1683570850.687147,Gulans Town,379,4,0,352,15,12
1683570850.7011795,Nogales Village,394,5,0,366,20,8
1683570850.718266,Zeidel Borough,355,12,38,322,20,13
1683570850.7656045,Mackers City,571,10,0,527,32,12
1683570850.7796853,Albono Hills,177,5,0,168,6,3
1683570850.7967901,Gulans Town,379,4,0,352,15,12
1683570850.8107824,Nogales Village,394,5,0,366,20,8
1683570850.8277726,Zeidel Borough,355,12,38,322,20,13
1683570850.887172,Albono Hills,177,5,0,168,6,3
1683570850.8881702,Mackers City,570,11,0,526,32,12
1683570850.9174411,Gulans Town,379,4,0,352,15,12
1683570850.933444,Nogales Village,394,5,0,366,20,8
1683570850.9474316,Zeidel Borough,355,12,38,322,20,13
1683570851.0092268,Mackers City,569,12,0,525,32,12
1683570851.0102282,Albono Hills,177,5,0,168,6,3
1683570851.0252378,Gulans Town,379,4,0,352,15,12
1683570851.0422952,Nogales Village,394,5,0,366,20,8
1683570851.058421,Zeidel Borough,355,12,38,322,20,13
1683570851.119927,Albono Hills,177,5,0,168,6,3
1683570851.119927,Mackers City,568,13,0,524,32,12
1683570851.1360605,Gulans Town,379,4,0,352,15,12
1683570851.1502135,Nogales Village,394,5,0,366,20,8
1683570851.1662521,Zeidel Borough,355,12,38,322,20,13
1683570851.2443697,Mackers City,567,14,0,523,32,12
1683570851.2453678,Gulans Town,379,4,0,352,15,12
1683570851.2453678,Albono Hills,177,5,0,168,6,3
1683570851.2601922,Nogales Village,394,5,0,366,20,8
1683570851.2753155,Zeidel Borough,355,12,38,322,20,13
1683570851.3553977,Gulans Town,379,4,0,352,15,12
1683570851.3563917,Albono Hills,177,5,0,168,6,3
1683570851.3665838,Mackers City,567,14,0,523,32,12
1683570851.3726025,Nogales Village,394,5,0,366,20,8
1683570851.3866806,Zeidel Borough,355,12,38,322,20,13
1683570851.4800386,Mackers City,566,15,0,522,32,12
1683570851.4800386,Gulans Town,379,4,0,352,15,12
1683570851.4820614,Albono Hills,177,5,0,168,6,3
1683570851.4940383,Zeidel Borough,355,12,38,322,20,13
1683570851.4940383,Nogales Village,393,6,0,365,20,8
1683570851.589818,Mackers City,566,15,0,522,32,12
1683570851.6058285,Gulans Town,379,4,0,352,15,12
1683570851.6088278,Albono Hills,177,5,0,168,6,3
1683570851.6188173,Zeidel Borough,355,12,38,322,20,13
1683570851.6208222,Nogales Village,393,6,0,365,20,8
1683570851.711228,Mackers City,566,15,0,522,32,12
1683570851.728277,Gulans Town,379,4,0,352,15,12
1683570851.7292736,Albono Hills,177,5,0,168,6,3
1683570851.7292736,Zeidel Borough,355,12,38,322,20,13
1683570851.7423377,Nogales Village,392,7,0,364,20,8
1683570851.83682,Mackers City,566,15,0,522,32,12
1683570851.8499038,Gulans Town,379,4,0,352,15,12
1683570851.852904,Nogales Village,392,7,0,364,20,8
1683570851.852904,Albono Hills,177,5,0,168,6,3
1683570851.853906,Zeidel Borough,355,12,38,322,20,13
1683570851.9638588,Nogales Village,392,7,0,364,20,8
1683570851.9638588,Gulans Town,379,4,0,352,15,12
1683570851.9648526,Albono Hills,177,5,0,168,6,3
1683570851.965853,Zeidel Borough,355,12,38,322,20,13
1683570851.9808462,Mackers City,565,16,0,521,32,12
1683570852.0869677,Gulans Town,379,4,0,352,15,12
1683570852.0879612,Albono Hills,177,5,0,168,6,3
1683570852.0994744,Nogales Village,392,7,0,364,20,8
1683570852.1004684,Zeidel Borough,355,12,38,322,20,13
1683570852.105482,Mackers City,565,16,0,521,32,12
1683570852.2087018,Zeidel Borough,355,12,38,322,20,13
1683570852.2096934,Gulans Town,379,4,0,352,15,12
1683570852.2257864,Nogales Village,392,7,0,364,20,8
1683570852.227797,Albono Hills,177,5,0,168,6,3
1683570852.227797,Mackers City,565,16,0,521,32,12
1683570852.315871,Zeidel Borough,355,12,38,322,20,13
1683570852.3339014,Gulans Town,379,4,0,352,15,12
1683570852.3354986,Nogales Village,392,7,0,364,20,8
1683570852.34991,Albono Hills,177,5,0,168,6,3
1683570852.34991,Mackers City,564,17,0,520,32,12
1683570852.4448404,Nogales Village,392,7,0,364,20,8
1683570852.4574733,Zeidel Borough,354,13,38,321,20,13
1683570852.4584725,Gulans Town,379,4,0,352,15,12
1683570852.4604726,Albono Hills,177,5,0,168,6,3
1683570852.4614716,Mackers City,563,18,0,519,32,12
1683570852.569069,Albono Hills,177,5,0,168,6,3
1683570852.570067,Nogales Village,392,7,0,364,20,8
1683570852.570067,Gulans Town,379,4,0,352,15,12
1683570852.5710702,Mackers City,563,18,0,519,32,12
1683570852.5820649,Zeidel Borough,354,13,38,321,20,13
1683570852.6932573,Zeidel Borough,354,13,38,321,20,13
1683570852.6932573,Gulans Town,379,4,0,352,15,12
1683570852.7064638,Albono Hills,177,5,0,168,6,3
1683570852.70847,Mackers City,562,19,0,518,32,12
1683570852.7094646,Nogales Village,392,7,0,364,20,8
1683570852.8173852,Mackers City,562,19,0,518,32,12
1683570852.8183827,Gulans Town,379,4,0,352,15,12
1683570852.8193855,Zeidel Borough,354,13,38,321,20,13
1683570852.8333814,Nogales Village,392,7,0,364,20,8
1683570852.8343847,Albono Hills,177,5,0,168,6,3
1683570852.9431458,Nogales Village,392,7,0,364,20,8
1683570852.9431458,Albono Hills,177,5,0,168,6,3
1683570852.944146,Zeidel Borough,354,13,38,321,20,13
1683570852.944146,Gulans Town,379,4,0,352,15,12
1683570852.9581394,Mackers City,561,20,0,517,32,12
1683570853.0684376,Gulans Town,379,4,0,352,15,12
1683570853.0684376,Zeidel Borough,353,14,38,320,20,13
1683570853.0694427,Albono Hills,177,5,0,168,6,3
1683570853.0724435,Mackers City,560,21,0,516,32,12
1683570853.073458,Nogales Village,392,7,0,364,20,8
1683570853.1765504,Gulans Town,379,4,0,352,15,12
1683570853.1925533,Mackers City,560,21,0,516,32,12
1683570853.1935508,Nogales Village,392,7,0,364,20,8
1683570853.1945484,Zeidel Borough,352,15,38,319,20,13
1683570853.195555,Albono Hills,177,5,0,168,6,3
1683570853.300017,Gulans Town,379,4,0,352,15,12
1683570853.3140726,Mackers City,559,22,0,515,32,12
1683570853.3170683,Nogales Village,392,7,0,364,20,8
1683570853.3170683,Zeidel Borough,352,15,38,319,20,13
1683570853.3180714,Albono Hills,176,6,0,167,6,3
1683570853.4231198,Mackers City,558,23,0,514,32,12
1683570853.4241228,Gulans Town,377,6,0,350,15,12
1683570853.4391148,Albono Hills,176,6,0,167,6,3
1683570853.4401107,Nogales Village,392,7,0,364,20,8
1683570853.4421132,Zeidel Borough,350,17,38,317,20,13
1683570853.5483055,Albono Hills,176,6,0,167,6,3
1683570853.5493073,Mackers City,558,23,0,514,32,12
1683570853.5493073,Gulans Town,377,6,0,350,15,12
1683570853.5503223,Nogales Village,392,7,0,364,20,8
1683570853.5704951,Zeidel Borough,349,18,38,317,20,12
1683570853.6747067,Mackers City,555,26,0,511,32,12
1683570853.6757085,Gulans Town,377,6,0,350,15,12
1683570853.6786993,Albono Hills,176,6,0,167,6,3
1683570853.6797016,Nogales Village,392,7,0,364,20,8
1683570853.6897013,Zeidel Borough,349,18,38,317,20,12
1683570853.784124,Gulans Town,377,6,0,350,15,12
1683570853.784124,Mackers City,555,26,0,511,32,12
1683570853.8015213,Albono Hills,175,7,0,166,6,3
1683570853.8045125,Nogales Village,392,7,0,364,20,8
1683570853.8155217,Zeidel Borough,349,18,38,317,20,12
1683570853.9097445,Gulans Town,377,6,0,350,15,12
1683570853.9117415,Mackers City,554,27,0,510,32,12
1683570853.9247403,Nogales Village,392,7,0,364,20,8
1683570853.9247403,Zeidel Borough,349,18,38,317,20,12
1683570853.9257417,Albono Hills,175,7,0,166,6,3
1683570854.0317242,Gulans Town,377,6,0,350,15,12
1683570854.0337374,Mackers City,554,27,0,510,32,12
1683570854.0478168,Nogales Village,391,8,0,364,19,8
1683570854.0488036,Zeidel Borough,349,18,38,317,20,12
1683570854.050808,Albono Hills,175,7,0,166,6,3
1683570854.1407285,Mackers City,554,27,0,510,32,12
1683570854.1417348,Gulans Town,377,6,0,350,15,12
1683570854.1578443,Nogales Village,391,8,0,364,19,8
1683570854.1591582,Zeidel Borough,349,18,38,317,20,12
1683570854.1722012,Albono Hills,175,7,0,166,6,3
1683570854.2507799,Mackers City,553,28,0,509,32,12
1683570854.2644234,Gulans Town,377,6,0,350,15,12
1683570854.2684276,Nogales Village,391,8,0,364,19,8
1683570854.2694356,Zeidel Borough,349,18,38,317,20,12
1683570854.2824137,Albono Hills,175,7,0,166,6,3
1683570854.3761332,Gulans Town,376,7,0,349,15,12
1683570854.3771334,Mackers City,551,30,0,507,32,12
1683570854.392152,Zeidel Borough,349,18,38,317,20,12
1683570854.392152,Nogales Village,391,8,0,364,19,8
1683570854.3961504,Albono Hills,175,7,0,166,6,3
1683570854.4994495,Zeidel Borough,349,18,38,317,20,12
1683570854.51249,Gulans Town,376,7,0,349,15,12
1683570854.5134823,Mackers City,551,30,0,507,32,12
1683570854.5164819,Albono Hills,175,7,0,166,6,3
1683570854.5174773,Nogales Village,391,8,0,364,19,8
1683570854.6247106,Gulans Town,376,7,0,349,15,12
1683570854.6256988,Nogales Village,391,8,0,364,19,8
1683570854.6256988,Albono Hills,175,7,0,166,6,3
1683570854.640487,Mackers City,551,30,0,507,32,12
1683570854.640487,Zeidel Borough,349,18,38,317,20,12
1683570854.7487679,Gulans Town,376,7,0,349,15,12
1683570854.7487679,Albono Hills,175,7,0,166,6,3
1683570854.749767,Nogales Village,391,8,0,364,19,8
1683570854.763777,Mackers City,550,31,0,506,32,12
1683570854.7647786,Zeidel Borough,349,18,38,317,20,12
1683570854.8585875,Gulans Town,375,8,0,348,15,12
1683570854.875965,Mackers City,550,31,0,506,32,12
1683570854.875965,Nogales Village,391,8,0,364,19,8
1683570854.8769574,Albono Hills,175,7,0,166,6,3
1683570854.879952,Zeidel Borough,348,19,38,316,20,12
1683570854.984603,Gulans Town,374,9,0,347,15,12
1683570854.985594,Mackers City,548,33,0,504,32,12
1683570855.0015965,Nogales Village,391,8,0,364,19,8
1683570855.0025983,Albono Hills,175,7,0,166,6,3
1683570855.0095952,Zeidel Borough,348,19,38,316,20,12
1683570855.1078107,Gulans Town,372,11,0,345,15,12
1683570855.1129267,Mackers City,548,33,0,504,32,12
1683570855.122776,Albono Hills,175,7,0,166,6,3
1683570855.1237767,Zeidel Borough,348,19,38,316,20,12
1683570855.1288035,Nogales Village,391,8,0,364,19,8
1683570855.2332702,Albono Hills,175,7,0,166,6,3
1683570855.2342646,Mackers City,548,33,0,504,32,12
1683570855.2352734,Gulans Town,372,11,0,345,15,12
1683570855.2488587,Zeidel Borough,348,19,38,316,20,12
1683570855.2498531,Nogales Village,391,8,0,364,19,8
1683570855.3570752,Gulans Town,372,11,0,345,15,12
1683570855.3580856,Mackers City,548,33,0,504,32,12
1683570855.3580856,Nogales Village,391,8,0,364,19,8
1683570855.3701854,Albono Hills,175,7,0,166,6,3
1683570855.376161,Zeidel Borough,348,19,38,316,20,12
1683570855.482414,Nogales Village,391,8,0,364,19,8
1683570855.4834132,Mackers City,547,34,0,503,32,12
1683570855.4954,Gulans Town,372,11,0,345,15,12
1683570855.5024102,Zeidel Borough,348,19,38,316,20,12
1683570855.508405,Albono Hills,174,8,0,165,6,3
1683570855.6067827,Nogales Village,391,8,0,364,19,8
1683570855.6077924,Mackers City,546,35,0,502,32,12
1683570855.608782,Gulans Town,372,11,0,345,15,12
1683570855.6298451,Zeidel Borough,348,19,38,316,20,12
1683570855.6298451,Albono Hills,174,8,0,165,6,3
1683570855.7323062,Mackers City,546,35,0,502,32,12
1683570855.734309,Nogales Village,391,8,0,364,19,8
1683570855.734309,Gulans Town,372,11,0,345,15,12
1683570855.74741,Albono Hills,174,8,0,165,6,3
1683570855.74741,Zeidel Borough,348,19,38,316,20,12
1683570855.8412347,Nogales Village,391,8,0,364,19,8
1683570855.8472438,Mackers City,546,35,0,502,32,12
1683570855.8572557,Gulans Town,372,11,0,345,15,12
1683570855.859253,Albono Hills,174,8,0,165,6,3
1683570855.8722477,Zeidel Borough,348,19,38,316,20,12
1683570855.9674149,Nogales Village,391,8,0,364,19,8
1683570855.9684095,Mackers City,542,39,0,498,32,12
1683570855.9784043,Gulans Town,372,11,0,345,15,12
1683570855.9824066,Albono Hills,173,9,0,164,6,3
1683570855.9834044,Zeidel Borough,348,19,38,316,20,12
1683570856.0911877,Mackers City,541,40,0,497,32,12
1683570856.0911877,Nogales Village,391,8,0,364,19,8
1683570856.1076543,Gulans Town,372,11,0,345,15,12
1683570856.1086464,Albono Hills,173,9,0,164,6,3
1683570856.1086464,Zeidel Borough,348,19,38,316,20,12
1683570856.217262,Nogales Village,391,8,0,364,19,8
1683570856.217262,Mackers City,540,41,0,496,32,12
1683570856.2346256,Gulans Town,372,11,0,345,15,12
1683570856.2346256,Zeidel Borough,348,19,38,316,20,12
1683570856.2360554,Albono Hills,173,9,0,164,6,3
1683570856.34015,Mackers City,540,41,0,496,32,12
1683570856.3411562,Nogales Village,391,8,0,364,19,8
1683570856.355511,Albono Hills,173,9,0,164,6,3
1683570856.3565016,Gulans Town,372,11,0,345,15,12
1683570856.3565016,Zeidel Borough,348,19,38,316,20,12
1683570856.4500036,Mackers City,539,42,0,495,32,12
1683570856.465261,Albono Hills,173,9,0,164,6,3
1683570856.46626,Nogales Village,391,8,0,364,19,8
1683570856.4812725,Gulans Town,372,11,0,345,15,12
1683570856.4848595,Zeidel Borough,348,19,38,316,20,12
1683570856.5750668,Albono Hills,173,9,0,164,6,3
1683570856.5797231,Mackers City,539,42,0,495,32,12
1683570856.589716,Nogales Village,391,8,0,364,19,8
1683570856.5936935,Gulans Town,372,11,0,345,15,12
1683570856.6058826,Zeidel Borough,348,19,38,316,20,12
1683570856.6988952,Nogales Village,391,8,0,364,19,8
1683570856.6999025,Mackers City,538,43,0,494,32,12
1683570856.7071655,Albono Hills,173,9,0,164,6,3
1683570856.713202,Gulans Town,372,11,0,345,15,12
1683570856.7311954,Zeidel Borough,348,19,38,316,20,12
1683570856.8087463,Nogales Village,391,8,0,364,19,8
1683570856.8237422,Mackers City,537,44,0,493,32,12
1683570856.8247468,Gulans Town,372,11,0,345,15,12
1683570856.8287601,Albono Hills,172,10,0,163,6,3
1683570856.855353,Zeidel Borough,348,19,38,316,20,12
1683570856.932333,Nogales Village,391,8,0,364,19,8
1683570856.9474459,Mackers City,535,46,0,491,32,12
1683570856.9484437,Gulans Town,371,12,0,345,14,12
1683570856.9535246,Albono Hills,172,10,0,163,6,3
1683570856.9785206,Zeidel Borough,348,19,38,316,20,12
1683570857.0435927,Nogales Village,391,8,0,364,19,8
1683570857.0585716,Mackers City,535,46,0,491,32,12
1683570857.0625827,Gulans Town,371,12,0,345,14,12
1683570857.073568,Albono Hills,172,10,0,163,6,3
1683570857.0895882,Zeidel Borough,348,19,38,316,20,12
1683570857.1679575,Mackers City,534,47,0,490,32,12
1683570857.1729612,Nogales Village,391,8,0,364,19,8
1683570857.1830294,Gulans Town,371,12,0,345,14,12
1683570857.184026,Albono Hills,172,10,0,163,6,3
1683570857.214041,Zeidel Borough,348,19,38,316,20,12
1683570857.2902641,Mackers City,534,47,0,490,32,12
1683570857.2942631,Nogales Village,391,8,0,364,19,8
1683570857.3062587,Gulans Town,370,13,0,344,14,12
1683570857.3072565,Albono Hills,171,11,0,162,6,3
1683570857.3374894,Zeidel Borough,348,19,38,316,20,12
1683570857.4148254,Gulans Town,370,13,0,344,14,12
1683570857.4188652,Albono Hills,171,11,0,162,6,3
1683570857.4198806,Nogales Village,391,8,0,364,19,8
1683570857.4208875,Mackers City,532,49,0,489,31,12
1683570857.445027,Zeidel Borough,348,19,38,316,20,12
1683570857.5245657,Gulans Town,370,13,0,344,14,12
1683570857.5413737,Albono Hills,171,11,0,162,6,3
1683570857.5423586,Mackers City,532,49,0,489,31,12
1683570857.5453722,Nogales Village,391,8,0,364,19,8
1683570857.5581532,Zeidel Borough,348,19,38,316,20,12
1683570857.6337883,Gulans Town,370,13,0,344,14,12
1683570857.665985,Nogales Village,391,8,0,364,19,8
1683570857.6669717,Albono Hills,171,11,0,162,6,3
1683570857.6669717,Mackers City,532,49,0,489,31,12
1683570857.6839685,Zeidel Borough,348,19,38,316,20,12
1683570857.7443137,Gulans Town,370,13,0,344,14,12
1683570857.7899804,Nogales Village,391,8,0,364,19,8
1683570857.7909808,Mackers City,532,49,0,489,31,12
1683570857.7979438,Albono Hills,171,11,0,162,6,3
1683570857.8069203,Zeidel Borough,348,19,38,316,20,12
1683570857.8681953,Gulans Town,370,13,0,344,14,12
1683570857.9141963,Albono Hills,171,11,0,162,6,3
1683570857.9141963,Mackers City,532,49,0,489,31,12
1683570857.9151933,Nogales Village,391,8,0,364,19,8
1683570857.9301836,Zeidel Borough,348,19,38,316,20,12
1683570857.9921865,Gulans Town,369,14,0,343,14,12
1683570858.025189,Albono Hills,171,11,0,162,6,3
1683570858.025189,Mackers City,532,49,0,489,31,12
1683570858.0391836,Nogales Village,391,8,0,364,19,8
1683570858.040188,Zeidel Borough,348,19,38,316,20,12
1683570858.1012034,Gulans Town,369,14,0,343,14,12
1683570858.1471863,Mackers City,531,50,0,488,31,12
1683570858.148187,Albono Hills,171,11,0,162,6,3
1683570858.163191,Nogales Village,391,8,0,364,19,8
1683570858.164195,Zeidel Borough,348,19,38,316,20,12
1683570858.2261853,Gulans Town,369,14,0,343,14,12
1683570858.271185,Albono Hills,171,11,0,162,6,3
1683570858.272193,Mackers City,531,50,0,488,31,12
1683570858.2871885,Nogales Village,391,8,0,364,19,8
1683570858.2871885,Zeidel Borough,347,20,38,315,20,12
1683570858.3481846,Gulans Town,368,15,0,342,14,12
1683570858.3931859,Albono Hills,169,13,0,161,6,2
1683570858.3941963,Mackers City,530,45,6,487,31,12
1683570858.4092145,Nogales Village,390,9,0,363,19,8
1683570858.412209,Zeidel Borough,346,21,38,314,20,12
1683570858.4577363,Gulans Town,368,15,0,342,14,12
1683570858.50246,Albono Hills,169,13,0,161,6,2
1683570858.5184674,Mackers City,529,46,6,486,31,12
1683570858.5194652,Nogales Village,390,9,0,363,19,8
1683570858.5354419,Zeidel Borough,345,22,38,313,20,12
1683570858.58251,Gulans Town,368,15,0,342,14,12
1683570858.6125183,Albono Hills,169,13,0,161,6,2
1683570858.6271212,Mackers City,527,48,6,484,31,12
1683570858.6432135,Nogales Village,390,9,0,363,19,8
1683570858.6588938,Zeidel Borough,344,23,38,312,20,12
1683570858.7059765,Gulans Town,368,15,0,342,14,12
1683570858.7360675,Albono Hills,169,13,0,161,6,2
1683570858.7360675,Mackers City,527,48,6,484,31,12
1683570858.7521482,Nogales Village,390,9,0,363,19,8
1683570858.7681496,Zeidel Borough,343,24,38,311,20,12
1683570858.815617,Gulans Town,368,15,0,342,14,12
1683570858.8477552,Albono Hills,169,13,0,161,6,2
1683570858.8628092,Nogales Village,390,9,0,363,19,8
1683570858.8648052,Mackers City,527,48,6,484,31,12
1683570858.8785496,Zeidel Borough,343,24,38,311,20,12
1683570858.9240112,Gulans Town,368,15,0,342,14,12
1683570858.9554062,Albono Hills,169,13,0,161,6,2
1683570858.9718428,Nogales Village,390,9,0,363,19,8
1683570858.9868221,Mackers City,527,48,6,484,31,12
1683570859.0028458,Zeidel Borough,343,24,38,311,20,12
1683570859.0318203,Gulans Town,368,15,0,342,14,12
1683570859.0638459,Albono Hills,169,13,0,161,6,2
1683570859.096833,Nogales Village,389,10,0,362,19,8
1683570859.0978453,Mackers City,527,48,6,484,31,12
1683570859.1271906,Zeidel Borough,341,26,38,309,20,12
1683570859.141911,Gulans Town,367,16,0,341,14,12
1683570859.1904364,Albono Hills,169,13,0,161,6,2
1683570859.2214773,Mackers City,527,48,6,484,31,12
1683570859.2224724,Nogales Village,389,10,0,362,19,8
1683570859.237459,Zeidel Borough,341,26,38,309,20,12
1683570859.2514834,Gulans Town,367,16,0,341,14,12
1683570859.3148553,Albono Hills,169,13,0,161,6,2
1683570859.3454642,Nogales Village,389,10,0,362,19,8
1683570859.3484795,Mackers City,526,49,6,483,31,12
1683570859.360292,Zeidel Borough,341,26,38,309,20,12
1683570859.3642962,Gulans Town,367,16,0,341,14,12
1683570859.4386644,Albono Hills,169,13,0,161,6,2
1683570859.4551547,Nogales Village,389,10,0,362,19,8
1683570859.4711585,Mackers City,523,52,6,480,31,12
1683570859.4711585,Zeidel Borough,341,26,38,309,20,12
1683570859.4872434,Gulans Town,367,16,0,341,14,12
1683570859.5479922,Albono Hills,169,13,0,161,6,2
1683570859.5775528,Nogales Village,388,11,0,361,19,8
1683570859.5950766,Zeidel Borough,338,29,38,307,19,12
1683570859.5990152,Mackers City,523,52,6,480,31,12
1683570859.6096117,Gulans Town,367,16,0,341,14,12
1683570859.6722422,Albono Hills,169,13,0,161,6,2
1683570859.6873717,Nogales Village,387,12,0,360,19,8
1683570859.7182612,Zeidel Borough,337,30,38,306,19,12
1683570859.7192624,Gulans Town,367,16,0,341,14,12
1683570859.7192624,Mackers City,519,56,6,476,31,12
1683570859.7965693,Albono Hills,169,13,0,161,6,2
1683570859.8117,Nogales Village,386,13,0,359,19,8
1683570859.8429172,Gulans Town,366,17,0,340,14,12
1683570859.8429172,Mackers City,516,59,6,473,31,12
1683570859.8439107,Zeidel Borough,337,30,38,306,19,12
1683570859.9061067,Albono Hills,169,13,0,161,6,2
1683570859.9221654,Nogales Village,384,15,0,357,19,8
1683570859.9531653,Gulans Town,365,18,0,339,14,12
1683570859.9701545,Mackers City,516,59,6,473,31,12
1683570859.9711528,Zeidel Borough,337,30,38,306,19,12
1683570860.0166156,Albono Hills,169,13,0,161,6,2
1683570860.0326273,Nogales Village,383,16,0,356,19,8
1683570860.0617929,Gulans Town,365,18,0,339,14,12
1683570860.07798,Mackers City,513,62,6,470,31,12
1683570860.094055,Zeidel Borough,334,33,38,304,19,11
1683570860.1412597,Albono Hills,169,13,0,161,6,2
1683570860.157274,Nogales Village,383,16,0,356,19,8
1683570860.1718657,Gulans Town,363,20,0,337,14,12
1683570860.1879191,Mackers City,512,63,6,469,31,12
1683570860.2029562,Zeidel Borough,334,33,38,304,19,11
1683570860.2644975,Albono Hills,169,13,0,161,6,2
1683570860.2797194,Nogales Village,383,16,0,356,19,8
1683570860.2957082,Gulans Town,363,20,0,337,14,12
1683570860.3107226,Mackers City,511,64,6,468,31,12
1683570860.3276987,Zeidel Borough,333,34,38,303,19,11
1683570860.3747597,Albono Hills,168,14,0,160,6,2
1683570860.3888016,Nogales Village,382,17,0,355,19,8
1683570860.406012,Gulans Town,362,21,0,336,14,12
1683570860.4201488,Mackers City,511,64,6,468,31,12
1683570860.4352427,Zeidel Borough,333,34,38,303,19,11
1683570860.4833176,Albono Hills,167,15,0,159,6,2
1683570860.5173156,Nogales Village,381,18,0,354,19,8
1683570860.5173156,Gulans Town,361,22,0,335,14,12
1683570860.531327,Mackers City,509,66,6,466,31,12
1683570860.5463243,Zeidel Borough,332,35,38,302,19,11
1683570860.594312,Albono Hills,166,16,0,158,6,2
1683570860.6393902,Gulans Town,360,23,0,334,14,12
1683570860.6433938,Nogales Village,380,19,0,353,19,8
1683570860.6444073,Mackers City,506,69,6,463,31,12
1683570860.6691751,Zeidel Borough,331,36,38,301,19,11
1683570860.7175431,Albono Hills,166,16,0,158,6,2
1683570860.7483997,Gulans Town,360,23,0,334,14,12
1683570860.7653942,Nogales Village,379,20,0,352,19,8
1683570860.769395,Mackers City,504,71,6,461,31,12
1683570860.7793965,Zeidel Borough,331,36,38,301,19,11
1683570860.8397622,Albono Hills,166,16,0,158,6,2
1683570860.8721063,Gulans Town,360,23,0,334,14,12
1683570860.8891046,Nogales Village,376,23,0,350,18,8
1683570860.8891046,Zeidel Borough,330,37,38,300,19,11
1683570860.8901074,Mackers City,504,71,6,461,31,12
1683570860.9515293,Albono Hills,166,16,0,158,6,2
1683570860.9835386,Gulans Town,360,23,0,334,14,12
1683570861.0133276,Nogales Village,376,23,0,350,18,8
1683570861.017329,Mackers City,504,71,6,461,31,12
1683570861.0183337,Zeidel Borough,329,38,38,300,18,11
1683570861.0600083,Albono Hills,166,16,0,158,6,2
1683570861.1064014,Gulans Town,360,23,0,334,14,12
1683570861.1224022,Nogales Village,375,24,0,349,18,8
1683570861.1375375,Mackers City,504,71,6,461,31,12
1683570861.1375375,Zeidel Borough,329,38,38,300,18,11
1683570861.1834042,Albono Hills,166,16,0,158,6,2
1683570861.231144,Gulans Town,360,23,0,334,14,12
1683570861.24512,Nogales Village,375,24,0,349,18,8
1683570861.260187,Zeidel Borough,328,39,38,299,18,11
1683570861.2611935,Mackers City,504,71,6,461,31,12
1683570861.3061984,Albono Hills,165,17,0,157,6,2
1683570861.352487,Gulans Town,360,23,0,334,14,12
1683570861.3675754,Nogales Village,375,24,0,349,18,8
1683570861.3835654,Mackers City,503,72,6,460,31,12
1683570861.3845654,Zeidel Borough,326,41,38,297,18,11
1683570861.4317153,Albono Hills,164,18,0,156,6,2
1683570861.4617145,Gulans Town,360,23,0,334,14,12
1683570861.47638,Nogales Village,374,25,0,348,18,8
1683570861.5089142,Mackers City,503,72,6,460,31,12
1683570861.5099247,Zeidel Borough,326,41,38,297,18,11
1683570861.556032,Albono Hills,164,18,0,156,6,2
1683570861.5862763,Nogales Village,374,25,0,348,18,8
1683570861.5872788,Gulans Town,358,25,0,332,14,12
1683570861.632049,Mackers City,502,73,6,459,31,12
1683570861.632049,Zeidel Borough,324,43,38,295,18,11
1683570861.6640198,Albono Hills,163,19,0,155,6,2
1683570861.7102456,Gulans Town,358,25,0,332,14,12
1683570861.7112534,Nogales Village,372,27,0,346,18,8
1683570861.7428045,Mackers City,500,75,6,457,31,12
1683570861.7569075,Zeidel Borough,323,44,38,294,18,11
1683570861.7729917,Albono Hills,163,19,0,155,6,2
1683570861.820504,Gulans Town,357,26,0,332,13,12
1683570861.8365076,Nogales Village,371,28,0,345,18,8
1683570861.8526762,Mackers City,500,75,6,457,31,12
1683570861.867681,Zeidel Borough,323,44,38,294,18,11
1683570861.8832786,Albono Hills,163,19,0,155,6,2
1683570861.9449222,Gulans Town,357,26,0,332,13,12
1683570861.9602726,Nogales Village,371,28,0,345,18,8
1683570861.9753442,Zeidel Borough,322,45,38,293,18,11
1683570861.9763544,Mackers City,499,76,6,456,31,12
1683570861.9903424,Albono Hills,163,19,0,155,6,2
1683570862.0533392,Gulans Town,357,26,0,332,13,12
1683570862.070342,Nogales Village,371,28,0,345,18,8
1683570862.0997572,Albono Hills,163,19,0,155,6,2
1683570862.0997572,Mackers City,496,79,6,453,31,12
1683570862.105815,Zeidel Borough,319,48,38,290,18,11
1683570862.1612775,Gulans Town,357,26,0,332,13,12
1683570862.1786008,Nogales Village,370,29,0,344,18,8
1683570862.209654,Albono Hills,163,19,0,155,6,2
1683570862.2237213,Mackers City,493,82,6,450,31,12
1683570862.2274847,Zeidel Borough,317,50,38,288,18,11
1683570862.2729058,Gulans Town,357,26,0,332,13,12
1683570862.286191,Nogales Village,369,30,0,343,18,8
1683570862.3171883,Albono Hills,160,22,0,152,6,2
1683570862.3338497,Mackers City,491,84,6,449,31,11
1683570862.3499227,Zeidel Borough,316,51,38,287,18,11
1683570862.3966405,Nogales Village,369,30,0,343,18,8
1683570862.397638,Gulans Town,355,28,0,330,13,12
1683570862.427812,Albono Hills,160,22,0,152,6,2
1683570862.443862,Mackers City,486,89,6,445,31,10
1683570862.458941,Zeidel Borough,316,51,38,287,18,11
1683570862.5217075,Gulans Town,355,28,0,330,13,12
1683570862.5257075,Nogales Village,366,33,0,340,18,8
1683570862.5367098,Albono Hills,158,24,0,150,6,2
1683570862.5527296,Mackers City,486,89,6,445,31,10
1683570862.5678365,Zeidel Borough,315,52,38,286,18,11
1683570862.6302557,Gulans Town,355,28,0,330,13,12
1683570862.6453726,Nogales Village,364,35,0,338,18,8
1683570862.6613784,Albono Hills,157,25,0,149,6,2
1683570862.6783721,Zeidel Borough,312,55,38,283,18,11
1683570862.6783721,Mackers City,483,92,6,442,31,10
1683570862.7393742,Gulans Town,355,28,0,330,13,12
1683570862.7563748,Nogales Village,364,35,0,338,18,8
1683570862.770382,Albono Hills,156,26,0,148,6,2
1683570862.8003838,Zeidel Borough,310,57,38,281,18,11
1683570862.8013813,Mackers City,482,93,6,441,31,10
1683570862.8493948,Gulans Town,354,29,0,329,13,12
1683570862.8806858,Nogales Village,364,35,0,338,18,8
1683570862.8846805,Albono Hills,155,27,0,147,6,2
1683570862.9126894,Zeidel Borough,310,57,38,281,18,11
1683570862.9267418,Mackers City,482,93,6,441,31,10
1683570862.973791,Gulans Town,354,29,0,329,13,12
1683570863.003787,Nogales Village,363,36,0,337,18,8
1683570863.0047896,Albono Hills,154,28,0,146,6,2
1683570863.036026,Mackers City,480,95,6,439,31,10
1683570863.0370173,Zeidel Borough,309,58,38,280,18,11
1683570863.0972812,Gulans Town,354,29,0,329,13,12
1683570863.113274,Nogales Village,363,36,0,337,18,8
1683570863.1282802,Albono Hills,153,29,0,145,6,2
1683570863.1442742,Mackers City,478,97,6,437,31,10
1683570863.1452699,Zeidel Borough,307,60,38,279,17,11
1683570863.2070444,Gulans Town,354,29,0,329,13,12
1683570863.2372758,Nogales Village,363,36,0,337,18,8
1683570863.2372758,Albono Hills,152,30,0,144,6,2
1683570863.268099,Zeidel Borough,306,61,38,278,17,11
1683570863.2690973,Mackers City,477,98,6,436,31,10
1683570863.3153763,Gulans Town,354,29,0,329,13,12
1683570863.3483803,Nogales Village,361,38,0,335,18,8
1683570863.362394,Albono Hills,150,32,0,142,6,2
1683570863.3783808,Zeidel Borough,300,48,57,274,16,10
1683570863.3936837,Mackers City,473,76,32,432,31,10
1683570863.425795,Gulans Town,353,30,0,328,13,12
1683570863.4712577,Nogales Village,360,39,0,334,18,8
1683570863.4722738,Albono Hills,149,33,0,141,6,2
1683570863.4873188,Zeidel Borough,299,48,58,273,16,10
1683570863.5033996,Mackers City,471,78,32,430,31,10
1683570863.5353937,Gulans Town,352,31,0,328,13,11
1683570863.5844257,Nogales Village,359,40,0,333,18,8
1683570863.5864182,Albono Hills,148,34,0,140,6,2
1683570863.6004202,Zeidel Borough,296,51,58,270,16,10
1683570863.6153052,Mackers City,469,80,32,429,30,10
1683570863.645408,Gulans Town,351,32,0,327,13,11
1683570863.6913176,Nogales Village,359,40,0,333,18,8
1683570863.707,Albono Hills,148,34,0,140,6,2
1683570863.7229812,Zeidel Borough,293,54,58,267,16,10
1683570863.7387078,Mackers City,467,82,32,428,29,10
1683570863.769809,Gulans Town,351,32,0,327,13,11
1683570863.8154588,Nogales Village,358,41,0,332,18,8
1683570863.8305452,Albono Hills,148,34,0,140,6,2
1683570863.847695,Zeidel Borough,292,55,58,266,16,10
1683570863.8617785,Mackers City,465,84,32,426,29,10
1683570863.8930633,Gulans Town,351,32,0,327,13,11
1683570863.9387243,Albono Hills,147,35,0,139,6,2
1683570863.942736,Nogales Village,357,42,0,331,18,8
1683570863.970703,Zeidel Borough,289,58,58,263,16,10
1683570863.9867105,Mackers City,461,88,32,423,29,9
1683570864.002719,Gulans Town,350,33,0,327,13,10
1683570864.0510643,Albono Hills,145,37,0,138,5,2
1683570864.0643806,Nogales Village,356,43,0,330,18,8
1683570864.0793808,Zeidel Borough,288,59,58,262,16,10
1683570864.0953734,Mackers City,457,92,32,419,29,9
1683570864.1123493,Gulans Town,350,33,0,327,13,10
1683570864.1717565,Albono Hills,145,37,0,138,5,2
1683570864.1877573,Nogales Village,355,44,0,329,18,8
1683570864.1887653,Zeidel Borough,285,62,58,260,15,10
1683570864.2193902,Mackers City,457,92,32,419,29,9
1683570864.234398,Gulans Town,350,33,0,327,13,10
1683570864.2824526,Albono Hills,144,38,0,137,5,2
1683570864.311914,Nogales Village,353,46,0,327,18,8
1683570864.3129005,Zeidel Borough,285,62,58,260,15,10
1683570864.3281147,Mackers City,455,94,32,417,29,9
1683570864.343473,Gulans Town,350,33,0,327,13,10
1683570864.4046001,Albono Hills,143,39,0,136,5,2
1683570864.420602,Nogales Village,353,46,0,327,18,8
1683570864.4384131,Zeidel Borough,283,64,58,258,15,10
1683570864.4384131,Mackers City,453,96,32,416,28,9
1683570864.4524038,Gulans Town,350,33,0,327,13,10
1683570864.5165713,Albono Hills,142,40,0,135,5,2
1683570864.531772,Nogales Village,352,47,0,326,18,8
1683570864.547885,Zeidel Borough,282,65,58,257,15,10
1683570864.5631466,Mackers City,448,101,32,411,28,9
1683570864.5641358,Gulans Town,350,33,0,327,13,10
1683570864.6251452,Albono Hills,141,41,0,134,5,2
1683570864.6422184,Nogales Village,351,48,0,325,18,8
1683570864.6702528,Zeidel Borough,281,66,58,256,15,10
1683570864.6883123,Mackers City,442,107,32,405,28,9
1683570864.6893127,Gulans Town,350,33,0,327,13,10
1683570864.7342541,Albono Hills,139,43,0,132,5,2
1683570864.7655096,Nogales Village,351,48,0,325,18,8
1683570864.7815225,Zeidel Borough,280,67,58,255,15,10
1683570864.8115218,Gulans Town,350,33,0,327,13,10
1683570864.8164973,Mackers City,442,107,32,405,28,9
1683570864.843114,Albono Hills,138,44,0,131,5,2
1683570864.8755734,Nogales Village,350,49,0,325,17,8
1683570864.9047794,Zeidel Borough,275,72,58,251,15,9
1683570864.9208827,Gulans Town,349,34,0,326,13,10
1683570864.9362469,Mackers City,438,111,32,401,28,9
1683570864.9523208,Albono Hills,138,44,0,131,5,2
1683570864.9994683,Nogales Village,350,49,0,325,17,8
1683570865.0154665,Zeidel Borough,274,73,58,250,15,9
1683570865.0294733,Gulans Town,349,34,0,326,13,10
1683570865.0454748,Mackers City,435,114,32,398,28,9
1683570865.0615785,Albono Hills,138,44,0,131,5,2
1683570865.1108196,Nogales Village,350,49,0,325,17,8
1683570865.123881,Zeidel Borough,274,73,58,250,15,9
1683570865.1389947,Gulans Town,348,35,0,326,12,10
1683570865.1550794,Mackers City,433,116,32,396,28,9
1683570865.1701224,Albono Hills,137,45,0,130,5,2
1683570865.2336407,Nogales Village,349,50,0,324,17,8
1683570865.247639,Gulans Town,348,35,0,326,12,10
1683570865.247639,Zeidel Borough,272,75,58,248,15,9
1683570865.2785785,Mackers City,429,120,32,392,28,9
1683570865.2945805,Albono Hills,136,46,0,129,5,2
1683570865.3568351,Nogales Village,347,52,0,322,17,8
1683570865.3698359,Gulans Town,347,36,0,325,12,10
1683570865.3708358,Zeidel Borough,270,77,58,246,15,9
1683570865.4020717,Mackers City,425,124,32,388,28,9
1683570865.4182386,Albono Hills,136,46,0,129,5,2
1683570865.479446,Nogales Village,347,52,0,322,17,8
1683570865.4804432,Gulans Town,347,36,0,325,12,10
1683570865.4955273,Zeidel Borough,270,77,58,246,15,9
1683570865.5135267,Mackers City,425,124,32,388,28,9
1683570865.5265274,Albono Hills,136,46,0,129,5,2
1683570865.5883038,Nogales Village,346,53,0,321,17,8
1683570865.6040418,Gulans Town,346,37,0,324,12,10
1683570865.6193502,Zeidel Borough,268,79,58,244,15,9
1683570865.6364758,Mackers City,421,128,32,385,27,9
1683570865.651474,Albono Hills,136,46,0,129,5,2
1683570865.698459,Nogales Village,345,54,0,320,17,8
1683570865.713706,Gulans Town,346,37,0,324,12,10
1683570865.7297106,Zeidel Borough,268,79,58,244,15,9
1683570865.7457433,Mackers City,418,131,32,382,27,9
1683570865.7605557,Albono Hills,135,47,0,128,5,2
1683570865.8081465,Nogales Village,344,55,0,319,17,8
1683570865.8238418,Gulans Town,346,37,0,324,12,10
1683570865.8389177,Zeidel Borough,266,81,58,243,14,9
1683570865.8550653,Mackers City,417,132,32,381,27,9
1683570865.8710463,Albono Hills,134,48,0,127,5,2
1683570865.9180472,Nogales Village,344,55,0,319,17,8
1683570865.948032,Gulans Town,345,38,0,323,12,10
1683570865.9520261,Zeidel Borough,266,81,58,243,14,9
1683570865.9775734,Mackers City,413,136,32,377,27,9
1683570865.9945672,Albono Hills,132,50,0,125,5,2
1683570866.0397952,Nogales Village,343,56,0,318,17,8
1683570866.0568895,Gulans Town,345,38,0,323,12,10
1683570866.0719142,Zeidel Borough,264,83,58,241,14,9
1683570866.0879617,Mackers City,410,139,32,374,27,9
1683570866.1049695,Albono Hills,130,52,0,123,5,2
1683570866.150322,Nogales Village,341,58,0,317,17,7
1683570866.1655338,Gulans Town,343,40,0,321,12,10
1683570866.1815875,Zeidel Borough,263,84,58,240,14,9
1683570866.1967857,Mackers City,408,141,32,373,27,8
1683570866.2287772,Albono Hills,129,53,0,122,5,2
1683570866.2741802,Nogales Village,340,59,0,316,17,7
1683570866.289183,Gulans Town,340,43,0,318,12,10
1683570866.3041813,Zeidel Borough,262,85,58,239,14,9
1683570866.320064,Mackers City,406,143,32,371,27,8
1683570866.3500443,Albono Hills,128,54,0,121,5,2
1683570866.3969004,Nogales Village,338,61,0,314,17,7
1683570866.413953,Gulans Town,339,44,0,317,12,10
1683570866.4182186,Zeidel Borough,259,88,58,237,13,9
1683570866.4433758,Mackers City,399,150,32,364,27,8
1683570866.4594936,Albono Hills,127,55,0,120,5,2
1683570866.5076356,Nogales Village,338,61,0,314,17,7
1683570866.522635,Gulans Town,339,44,0,317,12,10
1683570866.538636,Zeidel Borough,257,90,58,236,13,8
1683570866.5556817,Mackers City,395,154,32,360,27,8
1683570866.5697014,Albono Hills,127,55,0,120,5,2
1683570866.6158783,Nogales Village,338,61,0,314,17,7
1683570866.6319385,Gulans Town,337,46,0,315,12,10
1683570866.663087,Zeidel Borough,255,92,58,234,13,8
1683570866.6781962,Mackers City,389,160,32,355,26,8
1683570866.6940126,Albono Hills,124,58,0,117,5,2
1683570866.7250931,Nogales Village,338,61,0,314,17,7
1683570866.7420955,Gulans Town,337,46,0,315,12,10
1683570866.7730982,Zeidel Borough,254,93,58,233,13,8
1683570866.790102,Mackers City,387,162,32,354,25,8
1683570866.8041122,Albono Hills,122,60,0,115,5,2
1683570866.8363242,Nogales Village,338,61,0,314,17,7
1683570866.8654995,Gulans Town,337,46,0,315,12,10
1683570866.8957756,Zeidel Borough,252,95,58,231,13,8
1683570866.91088,Mackers City,381,168,32,348,25,8
1683570866.92685,Albono Hills,122,60,0,115,5,2
1683570866.9599323,Nogales Village,338,61,0,314,17,7
1683570866.9769394,Gulans Town,337,46,0,315,12,10
1683570867.0079837,Zeidel Borough,250,97,58,229,13,8
1683570867.023986,Mackers City,380,169,32,347,25,8
1683570867.0379796,Albono Hills,119,63,0,112,5,2
1683570867.069508,Nogales Village,338,61,0,314,17,7
1683570867.085603,Gulans Town,337,46,0,315,12,10
1683570867.1301236,Zeidel Borough,248,99,58,227,13,8
1683570867.1311219,Mackers City,378,171,32,345,25,8
1683570867.1461186,Albono Hills,118,64,0,111,5,2
1683570867.1776028,Nogales Village,337,62,0,313,17,7
1683570867.1936116,Gulans Town,336,47,0,314,12,10
1683570867.2551882,Mackers City,373,176,32,341,25,7
1683570867.2551882,Zeidel Borough,246,101,58,225,13,8
1683570867.2702556,Albono Hills,116,66,0,109,5,2
1683570867.30164,Nogales Village,337,62,0,313,17,7
1683570867.3171232,Gulans Town,334,49,0,312,12,10
1683570867.3796983,Mackers City,372,177,32,341,24,7
1683570867.383709,Zeidel Borough,244,103,58,223,13,8
1683570867.3847013,Albono Hills,115,67,0,108,5,2
1683570867.424674,Nogales Village,337,62,0,313,17,7
1683570867.4426997,Gulans Town,332,51,0,310,12,10
1683570867.5031772,Mackers City,370,179,32,339,24,7
1683570867.5051887,Albono Hills,114,68,0,107,5,2
1683570867.5051887,Zeidel Borough,242,105,58,221,13,8
1683570867.5354621,Nogales Village,336,63,0,312,17,7
1683570867.5505316,Gulans Town,332,51,0,310,12,10
1683570867.6132925,Albono Hills,113,69,0,106,5,2
1683570867.6142905,Mackers City,368,181,32,337,24,7
1683570867.6303046,Zeidel Borough,241,106,58,220,13,8
1683570867.6454148,Nogales Village,333,66,0,309,17,7
1683570867.6613972,Gulans Town,331,52,0,309,12,10
1683570867.7385247,Zeidel Borough,239,108,58,218,13,8
1683570867.7395284,Mackers City,365,184,32,334,24,7
1683570867.7425876,Albono Hills,112,70,0,105,5,2
1683570867.7535214,Nogales Village,332,67,0,308,17,7
1683570867.784619,Gulans Town,327,56,0,305,12,10
1683570867.863612,Mackers City,364,185,32,334,23,7
1683570867.863612,Zeidel Borough,239,108,58,218,13,8
1683570867.864606,Albono Hills,111,71,0,104,5,2
1683570867.875593,Nogales Village,332,67,0,308,17,7
1683570867.8936548,Gulans Town,327,56,0,305,12,10
1683570867.9869988,Mackers City,360,189,32,332,21,7
1683570867.9879878,Nogales Village,330,69,0,306,17,7
1683570867.9919877,Zeidel Borough,237,110,58,216,13,8
1683570867.9929874,Albono Hills,110,72,0,103,5,2
1683570868.0030155,Gulans Town,324,59,0,302,12,10
1683570868.0971525,Mackers City,358,191,32,331,21,6
1683570868.112176,Nogales Village,329,70,0,305,17,7
1683570868.113167,Albono Hills,109,73,0,102,5,2
1683570868.113167,Zeidel Borough,236,111,58,215,13,8
1683570868.1141603,Gulans Town,324,59,0,302,12,10
1683570868.2214203,Mackers City,354,195,32,327,21,6
1683570868.2383997,Albono Hills,104,78,0,97,5,2
1683570868.2383997,Zeidel Borough,233,114,58,212,13,8
1683570868.2394075,Nogales Village,328,71,0,304,17,7
1683570868.2494016,Gulans Town,324,59,0,302,12,10
1683570868.3450603,Mackers City,350,194,37,323,21,6
1683570868.360222,Gulans Town,317,64,1,297,11,9
1683570868.3632185,Nogales Village,325,74,0,302,16,7
1683570868.3642287,Albono Hills,103,78,1,96,5,2
1683570868.3642287,Zeidel Borough,240,107,58,218,14,8
1683570868.4557872,Mackers City,351,191,39,323,22,6
1683570868.4707851,Gulans Town,313,58,12,293,11,9
1683570868.4857888,Nogales Village,323,59,17,301,16,6
1683570868.486788,Albono Hills,101,76,5,94,5,2
1683570868.4877865,Zeidel Borough,239,108,58,217,14,8
1683570868.5797846,Mackers City,346,196,39,319,21,6
1683570868.595783,Gulans Town,312,59,12,292,11,9
1683570868.6097922,Zeidel Borough,236,111,58,214,14,8
1683570868.614785,Nogales Village,322,60,17,300,16,6
1683570868.6157846,Albono Hills,101,76,5,94,5,2
1683570868.7047803,Mackers City,342,200,39,315,21,6
1683570868.7197852,Gulans Town,309,62,12,289,11,9
1683570868.7207863,Zeidel Borough,235,112,58,213,14,8
1683570868.7357998,Albono Hills,100,77,5,93,5,2
1683570868.7357998,Nogales Village,320,62,17,298,16,6
1683570868.828185,Gulans Town,309,62,12,289,11,9
1683570868.8331828,Mackers City,337,205,39,310,21,6
1683570868.8441918,Zeidel Borough,234,113,58,212,14,8
1683570868.859183,Albono Hills,97,80,5,90,5,2
1683570868.860181,Nogales Village,319,63,17,297,16,6
1683570868.9516401,Mackers City,336,206,39,309,21,6
1683570868.9526522,Gulans Town,307,64,12,287,11,9
1683570868.9677417,Zeidel Borough,233,114,58,211,14,8
1683570868.9837399,Nogales Village,319,63,17,297,16,6
1683570868.9837399,Albono Hills,96,81,5,89,5,2
1683570869.0622733,Mackers City,333,209,39,306,21,6
1683570869.079338,Gulans Town,304,67,12,284,11,9
1683570869.079338,Zeidel Borough,231,116,58,209,14,8
1683570869.094362,Nogales Village,318,64,17,296,16,6
1683570869.1104395,Albono Hills,95,82,5,88,5,2
1683570869.1717696,Mackers City,331,211,39,304,21,6
1683570869.2035906,Nogales Village,317,65,17,295,16,6
1683570869.208756,Gulans Town,301,70,12,281,11,9
1683570869.209741,Zeidel Borough,227,120,58,205,14,8
1683570869.2217453,Albono Hills,95,82,5,88,5,2
1683570869.2813628,Mackers City,330,212,39,303,21,6
1683570869.3284075,Gulans Town,300,71,12,280,11,9
1683570869.329405,Zeidel Borough,223,124,58,203,12,8
1683570869.329405,Nogales Village,315,67,17,293,16,6
1683570869.3439777,Albono Hills,92,85,5,86,4,2
1683570869.404438,Mackers City,325,217,39,298,21,6
1683570869.452432,Nogales Village,271,67,61,255,11,5
1683570869.452432,Gulans Town,299,72,12,279,11,9
1683570869.4534268,Zeidel Borough,222,125,58,202,12,8
1683570869.4674222,Albono Hills,90,87,5,84,4,2
1683570869.5139954,Mackers City,320,222,39,294,20,6
1683570869.5766814,Nogales Village,270,68,61,254,11,5
1683570869.5776803,Albono Hills,89,88,5,83,4,2
1683570869.5776803,Gulans Town,297,74,12,279,9,9
1683570869.5886738,Zeidel Borough,222,125,58,202,12,8
1683570869.6238253,Mackers City,315,227,39,290,20,5
1683570869.702892,Nogales Village,269,69,61,253,11,5
1683570869.702892,Gulans Town,295,76,12,277,9,9
1683570869.703885,Albono Hills,86,91,5,80,4,2
1683570869.7098794,Zeidel Borough,220,127,58,200,12,8
1683570869.732888,Mackers City,312,230,39,287,20,5
1683570869.811432,Gulans Town,294,77,12,276,9,9
1683570869.8265252,Nogales Village,268,70,61,252,11,5
1683570869.827529,Zeidel Borough,217,130,58,198,11,8
1683570869.8355896,Albono Hills,86,91,5,80,4,2
1683570869.8435793,Mackers City,309,233,39,284,20,5
1683570869.935284,Gulans Town,294,77,12,276,9,9
1683570869.9520514,Albono Hills,84,93,5,78,4,2
1683570869.9520514,Zeidel Borough,215,132,58,196,11,8
1683570869.9560506,Nogales Village,268,70,61,252,11,5
1683570869.9670858,Mackers City,304,238,39,279,20,5
1683570870.060375,Gulans Town,293,78,12,275,9,9
1683570870.0753844,Zeidel Borough,210,137,58,191,11,8
1683570870.0793755,Nogales Village,267,71,61,251,11,5
1683570870.080401,Albono Hills,84,93,5,78,4,2
1683570870.091368,Mackers City,303,239,39,278,20,5
1683570870.1850438,Gulans Town,292,79,12,274,9,9
1683570870.1983619,Nogales Village,267,71,61,251,11,5
1683570870.1983619,Albono Hills,82,95,5,76,4,2
1683570870.2041626,Zeidel Borough,208,139,58,190,10,8
1683570870.2152193,Mackers City,297,245,39,272,20,5
1683570870.3102126,Nogales Village,267,71,61,251,11,5
1683570870.3142405,Gulans Town,291,80,12,273,9,9
1683570870.3152246,Albono Hills,80,97,5,75,3,2
1683570870.3262799,Mackers City,289,253,39,264,20,5
1683570870.327288,Zeidel Borough,206,141,58,188,10,8
1683570870.43427,Nogales Village,266,72,61,250,11,5
1683570870.43427,Gulans Town,289,82,12,271,9,9
1683570870.435278,Albono Hills,82,95,5,77,3,2
1683570870.4502778,Zeidel Borough,215,132,58,197,10,8
1683570870.4512715,Mackers City,290,252,39,266,19,5
1683570870.5605803,Nogales Village,262,76,61,246,11,5
1683570870.5645642,Gulans Town,287,84,12,269,9,9
1683570870.5655656,Albono Hills,82,95,5,77,3,2
1683570870.5766382,Mackers City,284,258,39,261,18,5
1683570870.5776348,Zeidel Borough,211,136,58,194,10,7
1683570870.6856766,Albono Hills,82,95,5,77,3,2
1683570870.6856766,Nogales Village,261,77,61,245,11,5
1683570870.6866753,Gulans Town,284,87,12,266,9,9
1683570870.6996746,Zeidel Borough,209,138,58,192,10,7
1683570870.700677,Mackers City,282,260,39,259,18,5
1683570870.7933707,Albono Hills,82,95,5,77,3,2
1683570870.8084347,Gulans Town,282,89,12,264,9,9
1683570870.809451,Nogales Village,260,78,61,245,10,5
1683570870.8235433,Zeidel Borough,209,138,58,192,10,7
1683570870.825551,Mackers City,274,268,39,251,18,5
1683570870.9174004,Nogales Village,258,80,61,243,10,5
1683570870.9174004,Gulans Town,277,94,12,259,9,9
1683570870.925399,Albono Hills,81,96,5,77,2,2
1683570870.9343977,Zeidel Borough,208,139,58,191,10,7
1683570870.9495232,Mackers City,267,275,39,245,17,5
1683570871.027782,Nogales Village,256,82,61,241,10,5
1683570871.0439334,Albono Hills,77,100,5,73,2,2
1683570871.0439334,Gulans Town,274,97,12,256,9,9
1683570871.0589893,Mackers City,259,283,39,237,17,5
1683570871.0589893,Zeidel Borough,205,142,58,188,10,7
1683570871.1376667,Nogales Village,255,83,61,240,10,5
1683570871.1676695,Gulans Town,272,99,12,254,9,9
1683570871.1726794,Albono Hills,75,102,5,71,2,2
1683570871.1846523,Zeidel Borough,203,144,58,187,9,7
1683570871.1856608,Mackers City,256,286,39,234,17,5
1683570871.260516,Nogales Village,254,84,61,239,10,5
1683570871.291639,Gulans Town,269,102,12,251,9,9
1683570871.2926235,Albono Hills,72,105,5,68,2,2
1683570871.3076236,Mackers City,251,291,39,229,17,5
1683570871.3086274,Zeidel Borough,200,147,58,184,9,7
1683570871.369621,Nogales Village,253,85,61,238,10,5
1683570871.4160159,Gulans Town,268,103,12,250,9,9
1683570871.4160159,Albono Hills,71,106,5,68,2,1
1683570871.4320939,Zeidel Borough,198,149,58,182,9,7
1683570871.4320939,Mackers City,250,292,39,228,17,5
1683570871.4779131,Nogales Village,249,89,61,234,10,5
1683570871.5270169,Gulans Town,266,105,12,248,9,9
1683570871.5413787,Zeidel Borough,197,150,58,181,9,7
1683570871.5423915,Albono Hills,69,108,5,66,2,1
1683570871.5583854,Mackers City,241,301,39,219,17,5
1683570871.5889223,Nogales Village,247,91,61,232,10,5
1683570871.65052,Gulans Town,263,108,12,245,9,9
1683570871.6666,Zeidel Borough,194,153,58,178,9,7
1683570871.6666,Albono Hills,66,111,5,63,2,1
1683570871.6817913,Mackers City,234,308,39,213,16,5
1683570871.697789,Nogales Village,244,94,61,230,10,4
1683570871.7604997,Gulans Town,261,110,12,243,9,9
1683570871.7903821,Albono Hills,62,115,5,59,2,1
1683570871.7923708,Mackers City,226,316,39,205,16,5
1683570871.7933743,Zeidel Borough,194,153,58,178,9,7
1683570871.8204288,Nogales Village,241,97,61,227,10,4
1683570871.8688347,Gulans Town,258,113,12,240,9,9
1683570871.8999639,Mackers City,221,321,39,201,15,5
1683570871.9009643,Albono Hills,61,116,5,58,2,1
1683570871.914959,Zeidel Borough,193,154,58,177,9,7
1683570871.9309301,Nogales Village,240,98,61,226,10,4
1683570871.9929845,Gulans Town,254,117,12,236,9,9
1683570872.0249865,Mackers City,220,322,39,201,14,5
1683570872.0249865,Albono Hills,60,117,5,57,2,1
1683570872.0291862,Zeidel Borough,192,155,58,176,9,7
1683570872.0417852,Nogales Village,239,99,61,226,9,4
1683570872.117489,Gulans Town,253,118,12,235,9,9
1683570872.1475525,Mackers City,215,327,39,196,14,5
1683570872.1515431,Albono Hills,58,119,5,55,2,1
1683570872.1525428,Zeidel Borough,190,157,58,175,9,6
1683570872.1635387,Nogales Village,237,101,61,224,9,4
1683570872.2404416,Gulans Town,249,122,12,231,9,9
1683570872.2716706,Zeidel Borough,189,158,58,174,9,6
1683570872.2716706,Albono Hills,57,120,5,54,2,1
1683570872.2757332,Mackers City,212,330,39,193,14,5
1683570872.2877066,Nogales Village,236,102,61,223,9,4
1683570872.3504725,Gulans Town,245,126,12,227,9,9
1683570872.3814487,Zeidel Borough,198,149,58,183,9,6
1683570872.3994708,Albono Hills,52,125,5,49,2,1
1683570872.3994708,Nogales Village,231,107,61,218,9,4
1683570872.4074652,Mackers City,211,331,39,192,15,4
1683570872.4605827,Gulans Town,244,127,12,226,9,9
1683570872.4923563,Zeidel Borough,196,151,58,182,8,6
1683570872.5234597,Albono Hills,51,126,5,48,2,1
1683570872.5234597,Nogales Village,227,111,61,214,9,4
1683570872.5405061,Mackers City,204,338,39,186,15,3
1683570872.57151,Gulans Town,242,129,12,225,9,8
1683570872.602499,Zeidel Borough,195,152,58,181,8,6
1683570872.6480289,Albono Hills,48,129,5,45,2,1
1683570872.6490304,Nogales Village,226,112,61,213,9,4
1683570872.6633146,Mackers City,200,342,39,182,15,3
1683570872.6935267,Gulans Town,238,133,12,222,8,8
1683570872.7257948,Zeidel Borough,194,153,58,180,8,6
1683570872.7715213,Albono Hills,46,131,5,43,2,1
1683570872.772519,Nogales Village,221,117,61,208,9,4
1683570872.7875195,Mackers City,198,344,39,180,15,3
1683570872.8185408,Gulans Town,235,136,12,219,8,8
1683570872.8485773,Zeidel Borough,189,158,58,176,7,6
1683570872.895025,Nogales Village,218,120,61,205,9,4
1683570872.8960254,Mackers City,191,351,39,173,15,3
1683570872.8960254,Albono Hills,44,133,5,41,2,1
1683570872.9417725,Gulans Town,230,141,12,214,8,8
1683570872.9577696,Zeidel Borough,189,158,58,176,7,6
1683570873.0047581,Nogales Village,217,121,61,204,9,4
1683570873.0207589,Mackers City,188,354,39,171,14,3
1683570873.0217607,Albono Hills,42,135,5,39,2,1
1683570873.0522459,Gulans Town,225,146,12,209,8,8
1683570873.0673594,Zeidel Borough,188,159,58,175,7,6
1683570873.1138475,Nogales Village,213,125,61,200,9,4
1683570873.144944,Albono Hills,42,135,5,39,2,1
1683570873.144944,Mackers City,182,360,39,165,14,3
1683570873.1763897,Gulans Town,225,146,12,209,8,8
1683570873.1923895,Zeidel Borough,187,160,58,174,7,6
1683570873.2244723,Nogales Village,208,130,61,195,9,4
1683570873.2541065,Albono Hills,41,136,5,38,2,1
1683570873.2702308,Mackers City,176,366,39,160,13,3
1683570873.2858324,Gulans Town,222,149,12,206,8,8
1683570873.3180208,Zeidel Borough,183,164,58,170,7,6
1683570873.3463206,Nogales Village,204,134,61,191,9,4
1683570873.3633442,Albono Hills,39,138,5,36,2,1
1683570873.3823211,Mackers City,175,356,50,159,13,3
1683570873.4104676,Gulans Town,222,148,13,206,8,8
1683570873.4410043,Zeidel Borough,181,146,78,168,7,6
1683570873.4570143,Nogales Village,204,133,62,191,9,4
1683570873.4881616,Albono Hills,37,140,5,34,2,1
1683570873.5023057,Mackers City,169,348,64,153,13,3
1683570873.533951,Gulans Town,220,150,13,205,8,7
1683570873.5496845,Zeidel Borough,179,148,78,166,7,6
1683570873.5817094,Nogales Village,199,138,62,186,9,4
1683570873.6117067,Albono Hills,33,144,5,30,2,1
1683570873.628689,Mackers City,164,353,64,150,11,3
1683570873.6577022,Gulans Town,218,152,13,203,8,7
1683570873.6728766,Zeidel Borough,175,152,78,162,7,6
1683570873.7044485,Nogales Village,198,139,62,185,9,4
1683570873.7356007,Albono Hills,31,146,5,28,2,1
1683570873.7508013,Mackers City,161,356,64,148,11,2
1683570873.7667925,Gulans Town,217,153,13,202,8,7
1683570873.7971063,Zeidel Borough,172,155,78,159,7,6
1683570873.828193,Nogales Village,191,146,62,179,8,4
1683570873.8589952,Albono Hills,27,150,5,25,1,1
1683570873.8750715,Mackers City,155,362,64,143,10,2
1683570873.890136,Gulans Town,214,156,13,199,8,7
1683570873.9051993,Zeidel Borough,170,157,78,157,7,6
1683570873.937506,Nogales Village,187,150,62,176,7,4
1683570873.9696395,Albono Hills,25,152,5,23,1,1
1683570873.986616,Mackers City,149,368,64,137,10,2
1683570874.0016537,Gulans Town,212,158,13,197,8,7
1683570874.0166225,Zeidel Borough,168,159,78,155,7,6
1683570874.0476415,Nogales Village,184,153,62,173,7,4
1683570874.0789785,Albono Hills,25,152,5,23,1,1
1683570874.110059,Mackers City,140,377,64,131,7,2
1683570874.125435,Gulans Town,207,163,13,193,7,7
1683570874.1403928,Zeidel Borough,164,163,78,152,7,5
1683570874.1715324,Nogales Village,179,158,62,169,7,3
1683570874.2016816,Albono Hills,21,156,5,19,1,1
1683570874.2337244,Mackers City,131,386,64,123,6,2
1683570874.2507193,Gulans Town,206,164,13,192,7,7
1683570874.2552953,Zeidel Borough,157,170,78,145,7,5
1683570874.2813213,Nogales Village,173,164,62,163,7,3
1683570874.3123543,Albono Hills,21,156,5,19,1,1
1683570874.3446333,Mackers City,123,394,64,115,6,2
1683570874.3597326,Gulans Town,202,168,13,188,7,7
1683570874.3745015,Zeidel Borough,158,169,78,146,7,5
1683570874.405546,Nogales Village,168,169,62,158,7,3
1683570874.4225516,Albono Hills,21,156,5,19,1,1
1683570874.46855,Mackers City,127,390,64,118,6,3
1683570874.4835618,Zeidel Borough,161,166,78,151,5,5
1683570874.4845731,Gulans Town,201,169,13,187,7,7
1683570874.516014,Nogales Village,164,173,62,154,7,3
1683570874.5307136,Albono Hills,18,159,5,16,1,1
1683570874.57767,Mackers City,123,394,64,114,6,3
1683570874.5937302,Zeidel Borough,161,166,78,151,5,5
1683570874.6107209,Gulans Town,200,170,13,186,7,7
1683570874.6407125,Nogales Village,159,178,62,149,7,3
1683570874.6407125,Albono Hills,15,162,5,13,1,1
1683570874.7007337,Mackers City,118,399,64,109,6,3
1683570874.7158284,Zeidel Borough,153,174,78,143,5,5
1683570874.7318404,Gulans Town,197,173,13,183,7,7
1683570874.7612042,Albono Hills,12,165,5,10,1,1
1683570874.7621958,Nogales Village,157,180,62,147,7,3
1683570874.8095763,Mackers City,113,404,64,104,6,3
1683570874.8255782,Zeidel Borough,150,177,78,140,5,5
1683570874.842577,Gulans Town,195,175,13,182,7,6
1683570874.8730543,Nogales Village,151,186,62,141,7,3
1683570874.8730543,Albono Hills,4,173,5,4,0,0
1683570874.9193692,Mackers City,106,411,64,97,6,3
1683570874.9348736,Zeidel Borough,146,181,78,137,5,4
1683570874.9509785,Gulans Town,193,177,13,180,7,6
1683570874.981178,Nogales Village,147,190,62,137,7,3
1683570874.9981735,Albono Hills,2,175,5,2,0,0
1683570875.0291867,Mackers City,99,418,64,90,6,3
1683570875.0441792,Zeidel Borough,145,182,78,136,5,4
1683570875.060197,Gulans Town,192,178,13,180,7,5
1683570875.09118,Nogales Village,140,197,62,130,7,3
1683570875.1525474,Mackers City,86,431,64,80,5,1
1683570875.1675596,Zeidel Borough,144,183,78,135,5,4
1683570875.1836634,Gulans Town,191,179,13,179,7,5
1683570875.2159555,Nogales Village,136,201,62,127,6,3
1683570875.2623656,Mackers City,80,437,64,74,5,1
1683570875.2773561,Zeidel Borough,143,184,78,134,5,4
1683570875.2923617,Gulans Town,188,182,13,177,6,5
1683570875.3397303,Nogales Village,133,204,62,124,6,3
1683570875.3712242,Mackers City,74,443,64,69,4,1
1683570875.3864298,Zeidel Borough,142,185,78,132,5,5
1683570875.4024768,Gulans Town,191,179,13,180,6,5
1683570875.450738,Nogales Village,135,202,62,128,4,3
1683570875.482738,Mackers City,67,450,64,62,4,1
1683570875.498836,Zeidel Borough,133,194,78,123,5,5
1683570875.5138311,Gulans Town,191,179,13,180,6,5
1683570875.559263,Nogales Village,133,204,62,126,4,3
1683570875.6065378,Zeidel Borough,130,197,78,120,5,5
1683570875.6110568,Mackers City,60,457,64,56,3,1
1683570875.6220317,Gulans Town,189,181,13,178,6,5
1683570875.6684794,Nogales Village,126,211,62,119,4,3
1683570875.729884,Zeidel Borough,125,202,78,115,5,5
1683570875.7308872,Mackers City,53,464,64,49,3,1
1683570875.7458842,Gulans Town,189,181,13,178,6,5
1683570875.7779887,Nogales Village,120,217,62,114,3,3
1683570875.8534172,Zeidel Borough,122,205,78,112,5,5
1683570875.8582442,Mackers City,44,473,64,40,3,1
1683570875.870258,Gulans Town,187,183,13,176,6,5
1683570875.9012444,Nogales Village,117,220,62,112,2,3
1683570875.965252,Zeidel Borough,114,213,78,104,5,5
1683570875.9802377,Mackers City,35,482,64,31,3,1
1683570875.9802377,Gulans Town,184,186,13,173,6,5
1683570876.0263164,Nogales Village,113,224,62,109,2,2
1683570876.0882692,Zeidel Borough,111,216,78,102,4,5
1683570876.1052518,Gulans Town,183,187,13,172,6,5
1683570876.1052518,Mackers City,26,491,64,23,2,1
1683570876.1363125,Nogales Village,108,229,62,105,1,2
1683570876.1975346,Zeidel Borough,104,223,78,95,4,5
1683570876.2288666,Mackers City,16,501,64,15,1,0
1683570876.2288666,Gulans Town,181,189,13,170,6,5
1683570876.2589858,Nogales Village,105,232,62,102,1,2
1683570876.3062315,Zeidel Borough,98,229,78,90,4,4
1683570876.3382986,Mackers City,8,509,64,7,1,0
1683570876.3539326,Gulans Town,180,190,13,169,6,5
1683570876.367959,Nogales Village,102,235,62,99,1,2
1683570876.4293354,Zeidel Borough,104,223,78,95,5,4
1683570876.4758172,Gulans Town,175,195,13,165,5,5
1683570876.4908752,Nogales Village,94,243,62,91,1,2
1683570876.5400639,Zeidel Borough,104,223,78,95,5,4
1683570876.5861309,Gulans Town,174,196,13,164,5,5
1683570876.6023138,Nogales Village,90,247,62,87,1,2
1683570876.662901,Zeidel Borough,100,227,78,91,5,4
1683570876.6949944,Gulans Town,173,197,13,163,5,5
1683570876.7270901,Nogales Village,87,250,62,84,1,2
1683570876.774091,Zeidel Borough,96,231,78,87,5,4
1683570876.8051054,Gulans Town,173,197,13,163,5,5
1683570876.8510962,Nogales Village,84,253,62,81,1,2
1683570876.8980772,Zeidel Borough,92,235,78,83,5,4
1683570876.914085,Gulans Town,169,201,13,160,4,5
1683570876.9610965,Nogales Village,82,255,62,79,1,2
1683570877.006083,Zeidel Borough,87,240,78,78,5,4
1683570877.0220895,Gulans Town,166,204,13,157,4,5
1683570877.0846462,Nogales Village,75,262,62,73,1,1
1683570877.1158595,Zeidel Borough,80,247,78,71,5,4
1683570877.1319163,Gulans Town,163,207,13,154,4,5
1683570877.194989,Nogales Village,71,266,62,69,1,1
1683570877.2252502,Zeidel Borough,79,248,78,71,4,4
1683570877.2422495,Gulans Town,162,208,13,153,4,5
1683570877.304529,Nogales Village,64,273,62,62,1,1
1683570877.3348813,Zeidel Borough,73,254,78,66,4,3
1683570877.3663578,Gulans Town,163,207,13,154,4,5
1683570877.428907,Nogales Village,65,272,62,63,1,1
1683570877.4442108,Zeidel Borough,71,256,78,65,3,3
1683570877.4755223,Gulans Town,167,203,13,158,4,5
1683570877.550439,Nogales Village,63,274,62,61,1,1
1683570877.5674524,Zeidel Borough,68,259,78,62,3,3
1683570877.5836508,Gulans Town,165,205,13,156,4,5
1683570877.6603012,Nogales Village,61,276,62,59,1,1
1683570877.689444,Zeidel Borough,63,264,78,57,3,3
1683570877.7062347,Gulans Town,162,208,13,153,4,5
1683570877.7838056,Nogales Village,57,280,62,55,1,1
1683570877.8008282,Zeidel Borough,62,265,78,57,3,2
1683570877.816833,Gulans Town,157,213,13,148,4,5
1683570877.895376,Nogales Village,54,283,62,52,1,1
1683570877.9110754,Zeidel Borough,61,266,78,56,3,2
1683570877.9261854,Gulans Town,151,219,13,143,3,5
1683570878.0042179,Nogales Village,45,292,62,43,1,1
1683570878.0352309,Gulans Town,148,222,13,140,3,5
1683570878.036229,Zeidel Borough,53,274,78,48,3,2
1683570878.1139262,Nogales Village,44,293,62,42,1,1
1683570878.1461308,Gulans Town,148,222,13,140,3,5
1683570878.1608756,Zeidel Borough,47,280,78,43,3,1
1683570878.2370708,Nogales Village,43,294,62,41,1,1
1683570878.269049,Gulans Town,144,226,13,136,3,5
1683570878.2840598,Zeidel Borough,45,282,78,41,3,1
1683570878.3462822,Nogales Village,38,299,62,36,1,1
1683570878.3794427,Gulans Town,141,226,16,133,3,5
1683570878.3951583,Zeidel Borough,46,281,78,43,2,1
1683570878.4562333,Nogales Village,34,286,79,32,1,1
1683570878.502812,Gulans Town,135,223,25,127,3,5
1683570878.5171916,Zeidel Borough,44,283,78,40,3,1
1683570878.5796938,Nogales Village,29,291,79,28,0,1
1683570878.625849,Zeidel Borough,42,285,78,38,3,1
1683570878.625849,Gulans Town,130,228,25,122,3,5
1683570878.6889274,Nogales Village,27,293,79,26,0,1
1683570878.7366626,Zeidel Borough,36,291,78,33,2,1
1683570878.7366626,Gulans Town,127,231,25,119,3,5
1683570878.798736,Nogales Village,23,297,79,22,0,1
1683570878.8600237,Gulans Town,122,236,25,114,3,5
1683570878.861022,Zeidel Borough,31,296,78,28,2,1
1683570878.9216127,Nogales Village,20,300,79,19,0,1
1683570878.9840608,Zeidel Borough,23,304,78,21,1,1
1683570878.9850633,Gulans Town,118,240,25,111,3,4
1683570879.0320635,Nogales Village,19,301,79,18,0,1
1683570879.09506,Zeidel Borough,19,308,78,17,1,1
1683570879.1110597,Gulans Town,116,242,25,109,3,4
1683570879.1410635,Nogales Village,16,304,79,15,0,1
1683570879.2200599,Gulans Town,112,246,25,105,3,4
1683570879.2210624,Zeidel Borough,16,311,78,14,1,1
1683570879.2520652,Nogales Village,7,313,79,7,0,0
1683570879.3440578,Gulans Town,106,252,25,101,2,3
1683570879.3450623,Zeidel Borough,14,313,78,13,1,0
1683570879.3740604,Nogales Village,1,319,79,1,0,0
1683570879.452159,Gulans Town,109,249,25,102,4,3
1683570879.46814,Zeidel Borough,10,317,78,9,1,0
1683570879.4851375,Nogales Village,4,316,79,4,0,0
1683570879.5620496,Gulans Town,105,253,25,99,3,3
1683570879.5781405,Zeidel Borough,10,317,78,9,1,0
1683570879.59311,Nogales Village,2,318,79,2,0,0
1683570879.6713047,Gulans Town,101,257,25,95,3,3
1683570879.6883178,Zeidel Borough,3,324,78,3,0,0
1683570879.7794378,Gulans Town,95,263,25,89,3,3
1683570879.889661,Gulans Town,91,267,25,86,2,3
1683570880.014448,Gulans Town,86,272,25,81,2,3
1683570880.1250913,Gulans Town,83,275,25,78,2,3
1683570880.2487776,Gulans Town,76,282,25,72,2,2
1683570880.357988,Gulans Town,71,287,25,68,2,1
1683570880.4815903,Gulans Town,68,290,25,66,1,1
1683570880.5922036,Gulans Town,64,294,25,62,1,1
1683570880.700803,Gulans Town,59,299,25,57,1,1
1683570880.810942,Gulans Town,54,304,25,53,1,0
1683570880.9178872,Gulans Town,47,311,25,46,1,0
1683570881.027915,Gulans Town,46,312,25,45,1,0
1683570881.1509995,Gulans Town,38,320,25,37,1,0
1683570881.2603188,Gulans Town,35,323,25,34,1,0
1683570881.3718746,Gulans Town,33,325,25,32,1,0
1683570881.4942024,Gulans Town,35,323,25,34,1,0
1683570881.6037066,Gulans Town,29,329,25,28,1,0
1683570881.7139146,Gulans Town,24,334,25,23,1,0
1683570881.837895,Gulans Town,18,340,25,17,1,0
1683570881.9621236,Gulans Town,10,348,25,9,1,0
